﻿<?xml version="1.0" encoding="utf-8"?>
<TypeDefinition version="1.2">
  <Modules defaultpath="">
    <Module url="CompBase.json"/>
    <Module url="ComComp.json"/>
    <Module url="Grid.json"/>
    <Module url="DeviceAPI.json"/>
    <Module url="EcoLibrary.json"/>
    <Module url="ExtComp.json"/>
    <Module url="ExLib.json"/>
    <Module url="Security.json"/>
  </Modules>
  <Components>
    <Component type="JavaScript" id="Div" classname="nexacro.Div"/>
    <Component type="JavaScript" id="Button" classname="nexacro.Button"/>
    <Component type="JavaScript" id="PopupDiv" classname="nexacro.PopupDiv"/>
    <Component type="JavaScript" id="Combo" classname="nexacro.Combo"/>
    <Component type="JavaScript" id="CheckBox" classname="nexacro.CheckBox"/>
    <Component type="JavaScript" id="ListBox" classname="nexacro.ListBox"/>
    <Component type="JavaScript" id="Edit" classname="nexacro.Edit"/>
    <Component type="JavaScript" id="MaskEdit" classname="nexacro.MaskEdit"/>
    <Component type="JavaScript" id="TextArea" classname="nexacro.TextArea"/>
    <Component type="JavaScript" id="Menu" classname="nexacro.Menu"/>
    <Component type="JavaScript" id="Tab" classname="nexacro.Tab"/>
    <Component type="JavaScript" id="Tabpage" classname="nexacro.Tabpage"/>
    <Component type="JavaScript" id="ImageViewer" classname="nexacro.ImageViewer"/>
    <Component type="JavaScript" id="Radio" classname="nexacro.Radio"/>
    <Component type="JavaScript" id="Calendar" classname="nexacro.Calendar"/>
    <Component type="JavaScript" id="Static" classname="nexacro.Static"/>
    <Component type="JavaScript" id="Grid" classname="nexacro.Grid"/>
    <Component type="JavaScript" id="Spin" classname="nexacro.Spin"/>
    <Component type="JavaScript" id="PopupMenu" classname="nexacro.PopupMenu"/>
    <Component type="JavaScript" id="GroupBox" classname="nexacro.GroupBox"/>
    <Component type="JavaScript" id="ProgressBar" classname="nexacro.ProgressBar"/>
    <Component type="JavaScript" id="ActiveX" classname="nexacro.ActiveX"/>
    <Component type="JavaScript" id="Dataset" classname="nexacro.NormalDataset"/>
    <Component type="JavaScript" id="FileUpload" classname="nexacro.FileUpload"/>
    <Component type="JavaScript" id="ExcelImportObject" classname="nexacro.ExcelImportObject"/>
    <Component type="JavaScript" id="ExcelExportObject" classname="nexacro.ExcelExportObject"/>
    <Component type="JavaScript" id="ExtFileUpload" classname="nexacro.ExtFileUpload"/>
    <Component type="JavaScript" id="ExtFileDownload" classname="nexacro.ExtFileDownload"/>
  </Components>
  <Services>
    <Service prefixid="sample" type="form" url="./sample/" version="0" communicationversion="0"/>
    <Service prefixid="frame" type="form" url="./frame/" version="0" communicationversion="0"/>
    <Service prefixid="svcurl" type="JSP" url="http://localhost:8080/" version="0" communicationversion="0" cachelevel="none"/>
    <Service prefixid="lib" type="form" url="./lib/" version="0" communicationversion="0"/>
    <Service prefixid="images" type="file" url="./images/" version="0" communicationversion="0"/>
    <Service prefixid="secureurl" type="js" url="security://localhost:8080/" cachelevel="none" version="0" communicationversion="0"/>
  </Services>
  <Update/>
  <Protocols/>
</TypeDefinition>
