﻿<?xml version="1.0" encoding="utf-8"?>
<GlobalVariables>
  <Variable id="gvUserID" initval="AA001"/>
  <Dataset id="gds_menu">
    <ColumnInfo>
      <Column id="MENU_NAME" type="string" size="32" prop=""/>
      <Column id="MENU_SEQ" type="int" size="4" prop=""/>
      <Column id="MENU_OPTP" type="string" size="32" prop=""/>
      <Column id="PAGE_URL" type="string" size="32" prop=""/>
      <Column id="MENU_TOP" type="string" size="32" prop=""/>
      <Column id="MENU_ID" type="string" size="32" prop=""/>
      <Column id="MENU_GRP" type="string" size="32" prop=""/>
      <Column id="CREATE_DT" type="string" size="32" prop=""/>
      <Column id="MENU_LEVEL" type="int" size="4" prop=""/>
      <Column id="PAGE_ID" type="string" size="32" prop=""/>
      <Column id="PAGE_NAME" type="string" size="32" prop=""/>
      <Column id="MENU_ARGS" type="string" size="32" prop=""/>
      <Column id="MENU_STAT" type="string" size="32" prop=""/>
      <Column id="CREATE_USER" type="string" size="32" prop=""/>
      <Column id="UPDATE_DT" type="string" size="32" prop=""/>
      <Column id="UPDATE_USER" type="string" size="32" prop=""/>
      <Column id="MENU_DESC" type="string" size="32" prop=""/>
    </ColumnInfo>
    <Rows>
      <Row>
        <Col id="MENU_NAME">화면유형</Col>
        <Col id="MENU_SEQ">0</Col>
        <Col id="MENU_ID">1000</Col>
        <Col id="MENU_GRP">1000</Col>
        <Col id="CREATE_DT">20120831000000000</Col>
        <Col id="MENU_LEVEL">0</Col>
        <Col id="MENU_STAT">VIEW</Col>
        <Col id="CREATE_USER">test</Col>
        <Col id="UPDATE_DT">20120831000000000</Col>
        <Col id="UPDATE_USER">test</Col>
      </Row>
      <Row>
        <Col id="MENU_NAME">Single Detail</Col>
        <Col id="MENU_SEQ">1</Col>
        <Col id="MENU_OPTP">MAIN</Col>
        <Col id="PAGE_URL">sample::Pattern_01.xfdl</Col>
        <Col id="MENU_TOP">1000</Col>
        <Col id="MENU_ID">1001</Col>
        <Col id="MENU_GRP">1000</Col>
        <Col id="CREATE_DT">20120831000000000</Col>
        <Col id="MENU_LEVEL">1</Col>
        <Col id="PAGE_ID">userMgmt.xfdl</Col>
        <Col id="PAGE_NAME">사용자 그룹관리</Col>
        <Col id="MENU_ARGS">admin</Col>
        <Col id="MENU_STAT">VIEW</Col>
        <Col id="CREATE_USER">test</Col>
        <Col id="UPDATE_DT">20120905000000000</Col>
        <Col id="UPDATE_USER">test</Col>
        <Col id="MENU_DESC">II</Col>
      </Row>
      <Row>
        <Col id="MENU_NAME">Multi Detail</Col>
        <Col id="MENU_SEQ">1</Col>
        <Col id="MENU_OPTP">MAIN</Col>
        <Col id="PAGE_URL">sample::Pattern_02.xfdl</Col>
        <Col id="MENU_TOP">1000</Col>
        <Col id="MENU_ID">1002</Col>
        <Col id="MENU_GRP">1000</Col>
        <Col id="CREATE_DT">20120831000000000</Col>
        <Col id="MENU_LEVEL">1</Col>
        <Col id="PAGE_ID">userMgmt.xfdl</Col>
        <Col id="PAGE_NAME">사용자 그룹관리</Col>
        <Col id="MENU_ARGS">admin</Col>
        <Col id="MENU_STAT">VIEW</Col>
        <Col id="CREATE_USER">test</Col>
        <Col id="UPDATE_DT">20120905000000000</Col>
        <Col id="UPDATE_USER">test</Col>
        <Col id="MENU_DESC">II</Col>
      </Row>
      <Row>
        <Col id="MENU_NAME">Master Detail</Col>
        <Col id="MENU_SEQ">1</Col>
        <Col id="MENU_OPTP">MAIN</Col>
        <Col id="PAGE_URL">sample::Pattern_08.xfdl</Col>
        <Col id="MENU_TOP">1000</Col>
        <Col id="MENU_ID">1003</Col>
        <Col id="MENU_GRP">1000</Col>
        <Col id="CREATE_DT">20120831000000000</Col>
        <Col id="MENU_LEVEL">1</Col>
        <Col id="PAGE_ID">userMgmt.xfdl</Col>
        <Col id="PAGE_NAME">사용자 그룹관리</Col>
        <Col id="MENU_ARGS">admin</Col>
        <Col id="MENU_STAT">VIEW</Col>
        <Col id="CREATE_USER">test</Col>
        <Col id="UPDATE_DT">20120905000000000</Col>
        <Col id="UPDATE_USER">test</Col>
        <Col id="MENU_DESC">II</Col>
      </Row>
      <Row>
        <Col id="MENU_NAME">Bulk Data</Col>
        <Col id="MENU_SEQ">1</Col>
        <Col id="MENU_OPTP">MAIN</Col>
        <Col id="PAGE_URL">sample::Pattern_05.xfdl</Col>
        <Col id="MENU_TOP">1000</Col>
        <Col id="MENU_ID">1004</Col>
        <Col id="MENU_GRP">1000</Col>
        <Col id="CREATE_DT">20120831000000000</Col>
        <Col id="MENU_LEVEL">1</Col>
        <Col id="PAGE_ID">userMgmt.xfdl</Col>
        <Col id="PAGE_NAME">사용자 그룹관리</Col>
        <Col id="MENU_ARGS">admin</Col>
        <Col id="MENU_STAT">VIEW</Col>
        <Col id="CREATE_USER">test</Col>
        <Col id="UPDATE_DT">20120905000000000</Col>
        <Col id="UPDATE_USER">test</Col>
        <Col id="MENU_DESC">II</Col>
      </Row>
      <Row>
        <Col id="MENU_NAME">Security</Col>
        <Col id="MENU_SEQ">1</Col>
        <Col id="MENU_OPTP">MAIN</Col>
        <Col id="PAGE_URL">sample::Pattern_06.xfdl</Col>
        <Col id="MENU_TOP">1000</Col>
        <Col id="MENU_ID">1005</Col>
        <Col id="MENU_GRP">1000</Col>
        <Col id="CREATE_DT">20120831000000000</Col>
        <Col id="MENU_LEVEL">1</Col>
        <Col id="PAGE_ID">userMgmt.xfdl</Col>
        <Col id="PAGE_NAME">사용자 그룹관리</Col>
        <Col id="MENU_ARGS">admin</Col>
        <Col id="MENU_STAT">VIEW</Col>
        <Col id="CREATE_USER">test</Col>
        <Col id="UPDATE_DT">20120905000000000</Col>
        <Col id="UPDATE_USER">test</Col>
        <Col id="MENU_DESC">II</Col>
      </Row>
      <Row>
        <Col id="MENU_NAME">Excel Export&amp;Import</Col>
        <Col id="MENU_SEQ">1</Col>
        <Col id="MENU_OPTP">MAIN</Col>
        <Col id="PAGE_URL">sample::Pattern_04.xfdl</Col>
        <Col id="MENU_TOP">1000</Col>
        <Col id="MENU_ID">1006</Col>
        <Col id="MENU_GRP">1000</Col>
        <Col id="CREATE_DT">20120831000000000</Col>
        <Col id="MENU_LEVEL">1</Col>
        <Col id="PAGE_ID">userMgmt.xfdl</Col>
        <Col id="PAGE_NAME">사용자 그룹관리</Col>
        <Col id="MENU_ARGS">admin</Col>
        <Col id="MENU_STAT">VIEW</Col>
        <Col id="CREATE_USER">test</Col>
        <Col id="UPDATE_DT">20120905000000000</Col>
        <Col id="UPDATE_USER">test</Col>
        <Col id="MENU_DESC">II</Col>
      </Row>
      <Row>
        <Col id="MENU_NAME">pp</Col>
        <Col id="MENU_SEQ">1</Col>
        <Col id="MENU_OPTP">MAIN</Col>
        <Col id="PAGE_URL">sample::PilotSample.xfdl</Col>
        <Col id="MENU_TOP">1000</Col>
        <Col id="MENU_ID">1007</Col>
        <Col id="MENU_GRP">1000</Col>
        <Col id="CREATE_DT">20120831000000000</Col>
        <Col id="MENU_LEVEL">1</Col>
        <Col id="PAGE_ID">userMgmt.xfdl</Col>
        <Col id="PAGE_NAME">사용자 그룹관리</Col>
        <Col id="MENU_ARGS">admin</Col>
        <Col id="MENU_STAT">VIEW</Col>
        <Col id="CREATE_USER">test</Col>
        <Col id="UPDATE_DT">20120905000000000</Col>
        <Col id="UPDATE_USER">test</Col>
        <Col id="MENU_DESC">II</Col>
      </Row>
      <Row>
        <Col id="MENU_NAME">File Up&amp;Down</Col>
        <Col id="MENU_SEQ">1</Col>
        <Col id="MENU_OPTP">MAIN</Col>
        <Col id="PAGE_URL">sample::Pattern_07.xfdl</Col>
        <Col id="MENU_TOP">1000</Col>
        <Col id="MENU_ID">1008</Col>
        <Col id="MENU_GRP">1000</Col>
        <Col id="CREATE_DT">20120831000000000</Col>
        <Col id="MENU_LEVEL">1</Col>
        <Col id="PAGE_ID">userMgmt.xfdl</Col>
        <Col id="PAGE_NAME">사용자 그룹관리</Col>
        <Col id="MENU_ARGS">admin</Col>
        <Col id="MENU_STAT">VIEW</Col>
        <Col id="CREATE_USER">test</Col>
        <Col id="UPDATE_DT">20120905000000000</Col>
        <Col id="UPDATE_USER">test</Col>
        <Col id="MENU_DESC">II</Col>
      </Row>
    </Rows>
  </Dataset>
  <Images>
    <Image id="btn_save" url="images::btn_save.bmp"/>
    <Image id="new_tx" url="images::new_tx.bmp"/>
    <Image id="BLUE" url="images::BLUE.GIF"/>
    <Image id="edit" url="images::edit.png"/>
  </Images>
  <Dataset id="gds_openMenu">
    <ColumnInfo>
      <Column id="WIN_ID" type="STRING" size="256"/>
      <Column id="MENU_ID" type="STRING" size="256"/>
      <Column id="TITLE" type="STRING" size="256"/>
      <Column id="Desc_Url" type="STRING" size="256"/>
      <Column id="Desc_Url_ko" type="STRING" size="256"/>
    </ColumnInfo>
  </Dataset>
  <Dataset id="gds_message">
    <ColumnInfo>
      <Column id="MSG_CD" type="string" size="32"/>
      <Column id="MSG_TYPE" type="string" size="32"/>
      <Column id="MSG_NM" type="string" size="32"/>
      <Column id="MSG_NOTE" type="string" size="32"/>
    </ColumnInfo>
    <Rows>
      <Row>
        <Col id="MSG_CD">fail.common.msg</Col>
        <Col id="MSG_TYPE">CO</Col>
        <Col id="MSG_NM">error ocurred!</Col>
      </Row>
      <Row>
        <Col id="MSG_CD">fail.common.sql</Col>
        <Col id="MSG_TYPE">CO</Col>
        <Col id="MSG_NM">sql error ocurred! error code: {0}, error msg: {1}</Col>
      </Row>
      <Row>
        <Col id="MSG_CD">info.nodata.msg</Col>
        <Col id="MSG_TYPE">CO</Col>
        <Col id="MSG_NM">no data found.</Col>
      </Row>
      <Row>
        <Col id="MSG_CD">image.errorBg</Col>
        <Col id="MSG_TYPE">CO</Col>
        <Col id="MSG_NM">error_en</Col>
      </Row>
      <Row>
        <Col id="MSG_CD">errors.required</Col>
        <Col id="MSG_TYPE">CO</Col>
        <Col id="MSG_NM">{0} is required.</Col>
      </Row>
      <Row>
        <Col id="MSG_CD">accounting.hgr_store_credit.amount.error</Col>
        <Col id="MSG_TYPE">AC</Col>
        <Col id="MSG_NM">HGR Store Credit does not have to remove.</Col>
      </Row>
      <Row>
        <Col id="MSG_CD">success.insert</Col>
        <Col id="MSG_TYPE">PU</Col>
        <Col id="MSG_NM">Transaction has been completed successfully.</Col>
      </Row>
      <Row>
        <Col id="MSG_CD">success.update</Col>
        <Col id="MSG_TYPE">PU</Col>
        <Col id="MSG_NM">Transaction has been completed successfully.</Col>
      </Row>
      <Row>
        <Col id="MSG_CD">success.delete</Col>
        <Col id="MSG_TYPE">PU</Col>
        <Col id="MSG_NM">Transaction has been completed successfully.</Col>
      </Row>
      <Row>
        <Col id="MSG_CD">success.select</Col>
        <Col id="MSG_TYPE">PU</Col>
        <Col id="MSG_NM">Transaction has been completed successfully.</Col>
      </Row>
      <Row>
        <Col id="MSG_CD">transaction.complete</Col>
        <Col id="MSG_TYPE">CO</Col>
        <Col id="MSG_NM">Transaction has been completed successfully.</Col>
      </Row>
      <Row>
        <Col id="MSG_CD">comm.select.message</Col>
        <Col id="MSG_TYPE">CO</Col>
        <Col id="MSG_NM">Please select {0}</Col>
      </Row>
      <Row>
        <Col id="MSG_CD">comm.list.select.message</Col>
        <Col id="MSG_TYPE">CO</Col>
        <Col id="MSG_NM">Please select from the list.</Col>
      </Row>
      <Row>
        <Col id="MSG_CD">success.complete</Col>
        <Col id="MSG_TYPE">CO</Col>
        <Col id="MSG_NM">{0} has been completed successfully.</Col>
      </Row>
      <Row>
        <Col id="MSG_CD">comm.select.not.found</Col>
        <Col id="MSG_TYPE">CO</Col>
        <Col id="MSG_NM">There is no data.</Col>
      </Row>
      <Row>
        <Col id="MSG_CD">comm.input.message</Col>
        <Col id="MSG_TYPE">CO</Col>
        <Col id="MSG_NM">Please enter {0}</Col>
      </Row>
      <Row>
        <Col id="MSG_CD">comm.validation.message</Col>
        <Col id="MSG_TYPE">CO</Col>
        <Col id="MSG_NM">{0} is invalid.</Col>
      </Row>
      <Row>
        <Col id="MSG_CD">comm.print.barcode</Col>
        <Col id="MSG_TYPE">CO</Col>
        <Col id="MSG_NM">Want to print bar codes?</Col>
      </Row>
      <Row>
        <Col id="MSG_CD">main.title</Col>
        <Col id="MSG_TYPE">CO</Col>
        <Col id="MSG_NM">:: HGR Industrial Surplus - We Buy  Everything! ::</Col>
      </Row>
      <Row>
        <Col id="MSG_CD">main.negotiation</Col>
        <Col id="MSG_TYPE">CO</Col>
        <Col id="MSG_NM">Looks back on 30 minutes after</Col>
      </Row>
      <Row>
        <Col id="MSG_CD">error.incorrect</Col>
        <Col id="MSG_TYPE">CO</Col>
        <Col id="MSG_NM">{0} is incorrect</Col>
      </Row>
      <Row>
        <Col id="MSG_CD">comm.button.message</Col>
        <Col id="MSG_TYPE">CO</Col>
        <Col id="MSG_NM">Please click the {0} button.</Col>
      </Row>
      <Row>
        <Col id="MSG_CD">comm.data.check_status</Col>
        <Col id="MSG_TYPE">CO</Col>
        <Col id="MSG_NM">The status of data has changed.</Col>
      </Row>
      <Row>
        <Col id="MSG_CD">comm.success.complete</Col>
        <Col id="MSG_TYPE">CO</Col>
        <Col id="MSG_NM">{0} has been completed successfully.</Col>
      </Row>
      <Row>
        <Col id="MSG_CD">comm.register</Col>
        <Col id="MSG_TYPE">CO</Col>
        <Col id="MSG_NM">Please save {0} information.</Col>
      </Row>
      <Row>
        <Col id="MSG_CD">comm.already.registered</Col>
        <Col id="MSG_TYPE">CO</Col>
        <Col id="MSG_NM">{0} already exists.</Col>
      </Row>
      <Row>
        <Col id="MSG_CD">comm.register.fail</Col>
        <Col id="MSG_TYPE">CO</Col>
        <Col id="MSG_NM">Failed to register. Please try again.</Col>
      </Row>
      <Row>
        <Col id="MSG_CD">common.date.input</Col>
        <Col id="MSG_TYPE">CO</Col>
        <Col id="MSG_NM">Please enter date.</Col>
      </Row>
      <Row>
        <Col id="MSG_CD">success.inspection.complete</Col>
        <Col id="MSG_TYPE">CO</Col>
        <Col id="MSG_NM">Inspection has been completed</Col>
      </Row>
      <Row>
        <Col id="MSG_CD">success.bid.complete</Col>
        <Col id="MSG_TYPE">CO</Col>
        <Col id="MSG_NM">Bid has been completed</Col>
      </Row>
      <Row>
        <Col id="MSG_CD">success.createoffer.complete</Col>
        <Col id="MSG_TYPE">CO</Col>
        <Col id="MSG_NM">Create Offer has been completed</Col>
      </Row>
      <Row>
        <Col id="MSG_CD">success.po.complete</Col>
        <Col id="MSG_TYPE">CO</Col>
        <Col id="MSG_NM">PO has been completed</Col>
      </Row>
      <Row>
        <Col id="MSG_CD">success.revised.complete</Col>
        <Col id="MSG_TYPE">CO</Col>
        <Col id="MSG_NM">Revised Offer has been completed</Col>
      </Row>
      <Row>
        <Col id="MSG_CD">success.exception.complete</Col>
        <Col id="MSG_TYPE">CO</Col>
        <Col id="MSG_NM">Exception has been completed</Col>
      </Row>
    </Rows>
  </Dataset>
</GlobalVariables>
