<?xml version="1.0" encoding="UTF-8"?>
<beans xmlns="http://www.springframework.org/schema/beans"
    xmlns:p="http://www.springframework.org/schema/p"
    xmlns:xsi="http://www.w3.org/2001/XMLSchema-instance" 
    xmlns:context="http://www.springframework.org/schema/context"
    xsi:schemaLocation="
        http://www.springframework.org/schema/beans http://www.springframework.org/schema/beans/spring-beans-4.2.xsd
		http://www.springframework.org/schema/context http://www.springframework.org/schema/context/spring-context-4.2.xsd">


    <!-- Exception 이거나 Exception 이 아닌 경우에 Trace 후처리 로직을 실행 시키고자 할 때 사용한다.
         DefaultTraceHandleManager 에 TraceHandler를 등록하는 형태로 설정된다.--> 
     
	<bean id="leaveaTrace" class="able.com.exception.trace.LeaveaTrace">
		<property name="traceHandlerServices">
			<list>
				<ref bean="traceHandlerService" />
			</list>
		</property>
	</bean>
	<bean id="traceHandlerService"
		class="able.com.exception.trace.DefaultTraceHandleManager">
		<property name="reqExpMatcher" ref="antPathMater" />
		<property name="patterns">
			<list>
				<value>**service.impl.*Impl</value>
			</list>
		</property>
		<property name="handlers">
			<list>
				<ref bean="defaultTraceHandler" />
			</list>
		</property>
	</bean>
   
    <!-- 패턴 검사시 사용
          특정 pattern 그룹군을 만든후 patterns 에 등록하고 그에 해당하는 후처리 로직을 정의하여 등록할 수 있는 구조-->
	<bean id="antPathMater" class="org.springframework.util.AntPathMatcher" />
	<bean id="defaultTraceHandler" class="able.com.exception.trace.DefaultTraceHandler" /> 

</beans>
