<?xml version="1.0" encoding="UTF-8"?>
<beans xmlns="http://www.springframework.org/schema/beans" xmlns:xsi="http://www.w3.org/2001/XMLSchema-instance"
	xmlns:context="http://www.springframework.org/schema/context"
	xsi:schemaLocation="http://www.springframework.org/schema/beans http://www.springframework.org/schema/beans/spring-beans-4.2.xsd
        http://www.springframework.org/schema/context http://www.springframework.org/schema/context/spring-context-4.2.xsd">

	<!-- 업로드된 파일의 저장을 수행하고 저장정보를 xml로 반환 -->
    <bean id="fileUploadService" class="able.com.service.file.FileUploadService"/>
    
    <!-- File Upload Property 파일업로드에 필요한 속성정보를 저장하는 property 객체  -->
    <bean id="fileUploadProperty" class="able.com.service.file.FileUploadProperty" init-method="getInstance">
        <property name="folder" value="C:/temp"/>
        <property name="maxsize" value="10"/>
        <property name="sizeunit" value="M"/>
        <property name="sub">
            <map>
                <entry key="common" value="common"/>
                <entry key="userMgr" value="user/mgr"/>
                <entry key="temp" value="temp"/>
                <entry key="pdf_temp" value="pdf_temp"/>
                <entry key="board" value="board"/>
            </map>
        </property>
    </bean>
    
    <!-- Multipart Resolver 최대 10메가 바이트(정확히 10메가는 아니지만)까지 업로드가 가능하도록 설정 -->
    <bean id="multipartResolver" class="org.springframework.web.multipart.commons.CommonsMultipartResolver">
        <property name="maxUploadSize" value="1000000000" />
        <property name="maxInMemorySize" value="1000000000" />
    </bean>
	 
</beans>
