<?xml version="1.0" encoding="UTF-8"?>
<beans xmlns="http://www.springframework.org/schema/beans"
    xmlns:xsi="http://www.w3.org/2001/XMLSchema-instance" 
    xmlns:jee="http://www.springframework.org/schema/jee"
    xmlns:util="http://www.springframework.org/schema/util"
    xsi:schemaLocation="
        http://www.springframework.org/schema/beans http://www.springframework.org/schema/beans/spring-beans-4.2.xsd
        http://www.springframework.org/schema/jee http://www.springframework.org/schema/jee/spring-jee-4.2.xsd
        http://www.springframework.org/schema/util http://www.springframework.org/schema/util/spring-util-4.2.xsd"> 

    <!-- hsql 메모리 DBMS :  JDBC -->
    <bean id="dataSource" class="org.apache.commons.dbcp.BasicDataSource" destroy-method="close">
        <property name="driverClassName" value="org.hsqldb.jdbcDriver"/>
        <property name="url" value="jdbc:hsqldb:hsql://localhost/sampledb"/>
        <property name="username" value="sa"/>
    </bean>
    
    <!-- hsql 메모리 DBMS : JNDI
    <jee:jndi-lookup id="dataSource" jndi-name="jndiname" resource-ref="true"/>
    -->
    
    <!-- oracle 
    <bean id="dataSourceOracle" class="org.apache.commons.dbcp.BasicDataSource" destroy-method="close">
        <property name="driverClassName" value="${jdbcs.oracle.class}"/>
        <property name="url" value="${jdbcs.oracle.url}"/>
        <property name="username" value="${jdbcs.oracle.user}"/>
        <property name="password" value="${jdbcs.oracle.pwd}"/>
    </bean>-->

    <!-- Mysql 
    <bean id="dataSourceMysql" class="org.apache.commons.dbcp.BasicDataSource" destroy-method="close">
        <property name="driverClassName" value="${jdbcs.mysql.class}"/>
        <property name="url" value="${jdbcs.mysql.url}"/>
        <property name="username" value="${jdbcs.mysql.user}"/>
        <property name="password" value="${jdbcs.mysql.pwd}"/>
    </bean>-->
</beans>
