<?xml version="1.0" encoding="UTF-8"?>
<beans xmlns="http://www.springframework.org/schema/beans"
    xmlns:xsi="http://www.w3.org/2001/XMLSchema-instance"
    xsi:schemaLocation="
        http://www.springframework.org/schema/beans http://www.springframework.org/schema/beans/spring-beans-4.2.xsd">
	
	<!-- context공용 property정보를 저장하는 PropertyService -->
	<bean name="propertiesService" class="able.com.service.prop.PropertyServiceImpl" destroy-method="destroy">
		<!-- 
		<property name="extFileName">
			<set>
		        <map>
		        	<entry key="encoding" value="UTF-8"/>
		        	<entry key="filename" value="file:./src/**/refresh-resource.properties"/>
		        </map>
	        	<value>file:./src/**/resource.properties</value>
		        <map>
		        	<entry key="encoding" value="UTF-8"/>
		        	<entry key="filename" value="classpath*:META-INF/korean-resource.properties"/>
		        </map>
			</set>
		</property>
		 -->
		<property name="properties">
	        <map>
	        	<!-- 페이지당 row갯수 -->
	        	<entry key="pageUnit" value="10"/>
	        	<!-- 블럭당 페이지 갯수 -->
	        	<entry key="pageSize" value="10"/>
	        </map>
		</property>
	</bean>

</beans>	
