<?xml version="1.0" encoding="UTF-8"?>
<beans xmlns="http://www.springframework.org/schema/beans" 
    xmlns:xsi="http://www.w3.org/2001/XMLSchema-instance"
	xmlns:p="http://www.springframework.org/schema/p" 
    xmlns:context="http://www.springframework.org/schema/context"
	xsi:schemaLocation="
        http://www.springframework.org/schema/beans http://www.springframework.org/schema/beans/spring-beans-4.2.xsd
		http://www.springframework.org/schema/context http://www.springframework.org/schema/context/spring-context-4.2.xsd">

    <!--
        - The controllers are autodetected POJOs labeled with the @Controller annotation.
    -->
    <context:component-scan base-package="aes"> 
        <context:exclude-filter type="annotation" expression="org.springframework.stereotype.Controller"/>
    </context:component-scan>

	<!-- Define Message properties
		message-*.properties loading을 담당한다.
		"*"를 이용한 일괄 loading을 하기 위해
		org.springframework.context.support.ReloadableResourceBundleMessageSource 를 재정의하였다.
	 -->
	<bean id="messageSource" class="able.com.service.msg.ReloadableResourceBundleMessageSource">
		<property name="basenames">
			<list>
				<!--
					 type sample
					 1. classpath:/message/**/message-*
					 2. classpath:/message/message-*
					 3. classpath:/message/**/message-common
				-->
				<value>classpath:/message/message-*</value>
				<value>classpath:/egovframework/rte/fdl/property/messages/properties</value>
			</list>
		</property>
		<property name="cacheSeconds">
			<value>60</value>
		</property>
	</bean>
</beans>
