﻿{
	"name": "ComComp",
	"version": "14.0.1.1401",
	"description": "nexacro platform 14 Unified Framework Library",
	"license": "",
	"scripts": [
			"ComComp/Dataset.js", 
			"ComComp/DomObject.js",
			"ComComp/Button.js", 
			"ComComp/Static.js", 
			"ComComp/Edit.js", 
			"ComComp/MaskEdit.js", 
			"ComComp/TextArea.js", 
			"ComComp/ImageViewer.js", 
			"ComComp/CheckBox.js", 
			"ComComp/Radio.js", 
			"ComComp/ListBox.js", 
			"ComComp/Combo.js", 
			"ComComp/Div.js", 
			"ComComp/ProgressBar.js", 
			"ComComp/PopupDiv.js", 
			"ComComp/Menu.js", 
			"ComComp/PopupMenu.js", 
			"ComComp/Spin.js", 
			"ComComp/DatePicker.js", 
			"ComComp/Calendar.js", 
			"ComComp/GroupBox.js", 
			"ComComp/Tab.js", 
			"ComComp/FileDownload.js", 
			"ComComp/FileUpload.js", 
			"ComComp/FlashPlayer.js", 
			"ComComp/MediaPlayer.js",
			"ComComp/WebBrowser.js",
			"ComComp/Map.js",
			"ComComp/Sketch.js",
			"ComComp/ExportObject.js",
			"ComComp/ImportObject.js",
			"ComComp/Tray.js"
	],
	 
	"objInfo": [
	"ComComp/Sketch.info", 
	"ComComp/editmodeType.info", 
	"ComComp/imemodeType.info", 
	"ComComp/readonlymodeType.info", 
	"ComComp/updatebindingvaluemodeType.info"
	]
}
//@ sourceURL=ComComp.json
