﻿{
	"name": "CompBase",
	"version": "14.0.1.1401",
	"description": "nexacro platform 14 Unified Framework Library",
	"license": "",
	"scripts": [
		"CompBase/Element_HTML5.js",
		"CompBase/Element_Runtime.js",
		"CompBase/CompBase.js", 
		"CompBase/CompEventBase.js", 
		"CompBase/Data.js", 
		"CompBase/EditBase.js", 
		"CompBase/FormBase.js", 
		"CompBase/TitleBar.js", 
		"CompBase/StatusBar.js", 
		"CompBase/FrameBase.js",		
		"CompBase/ScrollBar.js", 
		"CompBase/Step.js" 
	]
}
//@ sourceURL=CompBase.json

