<?xml version="1.0" encoding="UTF-8"?>
<!DOCTYPE configuration
  PUBLIC "-//mybatis.org//DTD Config 3.0//EN"
  "http://mybatis.org/dtd/mybatis-3-config.dtd">
<!-- Copyright 2010-2012 The MyBatis Team Licensed under the Apache License, 
	Version 2.0 (the "License"); you may not use this file except in compliance 
	with the License. You may obtain a copy of the License at http://www.apache.org/licenses/LICENSE-2.0 
	Unless required by applicable law or agreed to in writing, software distributed 
	under the License is distributed on an "AS IS" BASIS, WITHOUT WARRANTIES 
	OR CONDITIONS OF ANY KIND, either express or implied. See the License for 
	the specific language governing permissions and limitations under the License. -->

<!-- version: $Id$ -->
<configuration>

    
	<!-- https://mybatis.github.io/mybatis-3/ko/configuration.html -->
	<settings>
		<!-- changes from the defaults for testing -->
		<setting name="cacheEnabled" value="false" />
		<setting name="useGeneratedKeys" value="true" />
		<setting name="defaultExecutorType" value="REUSE" />
		<setting name="callSettersOnNulls" value="true"/>
		<!--
		<setting name="cacheEnabled" value="true"/>
		<setting name="lazyLoadingEnabled" value="true"/>
		<setting name="multipleResultSetsEnabled" value="true"/>
		<setting name="useColumnLabel" value="true"/>
		<setting name="useGeneratedKeys" value="false"/>
		<setting name="autoMappingBehavior" value="PARTIAL"/>
		<setting name="defaultExecutorType" value="SIMPLE"/>
		<setting name="safeRowBoundsEnabled" value="false"/>
		<setting name="mapUnderscoreToCamelCase" value="false"/>
		<setting name="localCacheScope" value="SESSION"/>
		<setting name="jdbcTypeForNull" value="OTHER"/>
		<setting name="lazyLoadTriggerMethods" value="equals,clone,hashCode,toString"/>
		 
		 -->
	</settings>
	
	<!-- myBatis Inteceptor for get column information -->
	<plugins>	
		<plugin interceptor="able.com.ui.adaptor.nexacro.dao.mybatis.MetaDataProvider" />
		<plugin interceptor="able.com.ui.adaptor.nexacro.dao.mybatis.MybatisResultSetHandler" />
	</plugins> 
   
    
    
</configuration>